IC50,peptide,Immunogenicity
30113.83373,ADGVGKSA,0.23984
27834.34755,ADGVGKSA,0.23984
21587.84419,ADGVGKSA,0.23984
16006.73905,ADGVGKSAL,0.23418
6970.875068,ADGVGKSAL,0.23418
5865.693687,ADGVGKSAL,0.23418
27274.87017,ADGVGKSALT,0.22669
27761.23806,ADGVGKSALT,0.22669
24703.31142,ADGVGKSALT,0.22669
21767.74779,ADGVGKSALTI,0.20349
21550.79937,ADGVGKSALTI,0.20349
19397.3883,ADGVGKSALTI,0.20349
27583.13138,DGVGKSAL,0.19964
13884.29039,DGVGKSAL,0.19964
14788.98748,DGVGKSAL,0.19964
24207.67578,DGVGKSALT,0.19622
26712.98564,DGVGKSALT,0.19622
23917.15728,DGVGKSALT,0.19622
21129.71828,DGVGKSALTI,0.19374
22200.53144,DGVGKSALTI,0.19374
21577.55901,DGVGKSALTI,0.19374
28209.76943,DGVGKSALTIQ,0.17302
29435.33223,DGVGKSALTIQ,0.17302
20122.37256,DGVGKSALTIQ,0.17302
32888.94563,EYKLVVVGAD,0.16846
32857.01063,EYKLVVVGAD,0.16846
29736.7637,EYKLVVVGAD,0.16846
33134.00104,EYKLVVVGADG,0.16329
32704.84386,EYKLVVVGADG,0.16329
28570.07355,EYKLVVVGADG,0.16329
29200.77064,GADGVGKS,0.16006
29781.00589,GADGVGKS,0.16006
23237.82178,GADGVGKS,0.16006
6190.569448,GADGVGKSA,0.1592
5950.495824,GADGVGKSA,0.1592
4100.587015,GADGVGKSA,0.1592
5129.006517,GADGVGKSAL,0.15851
830.7124052,GADGVGKSAL,0.15851
1023.490119,GADGVGKSAL,0.15851
20292.19166,GADGVGKSALT,0.14349
25619.17683,GADGVGKSALT,0.14349
16425.94597,GADGVGKSALT,0.14349
32256.04647,KLVVVGAD,0.13871
33663.66623,KLVVVGAD,0.13871
31631.97925,KLVVVGAD,0.13871
14960.15325,KLVVVGADG,0.13548
31178.1549,KLVVVGADG,0.13548
28254.51694,KLVVVGADG,0.13548
110.7806848,KLVVVGADGV,0.13508
29812.09808,KLVVVGADGV,0.13508
27289.74674,KLVVVGADGV,0.13508
20625.91728,KLVVVGADGVG,0.11732
31239.70766,KLVVVGADGVG,0.11732
25660.97416,KLVVVGADGVG,0.11732
31163.4317,LVVVGADG,0.08956
33082.85385,LVVVGADG,0.08956
30593.37835,LVVVGADG,0.08956
726.9938208,LVVVGADGV,0.08166
24609.89606,LVVVGADGV,0.08166
23282.93075,LVVVGADGV,0.08166
24892.84165,LVVVGADGVG,0.04643
29650.59779,LVVVGADGVG,0.04643
26237.5609,LVVVGADGVG,0.04643
11072.1129,LVVVGADGVGK,0.00948
20746.00754,LVVVGADGVGK,0.00948
4754.551209,LVVVGADGVGK,0.00948
30722.07842,TEYKLVVVGAD,-0.05828
32592.13965,TEYKLVVVGAD,-0.05828
25011.06141,TEYKLVVVGAD,-0.05828
22464.31528,VGADGVGK,-0.0686
25587.58409,VGADGVGK,-0.0686
7931.986384,VGADGVGK,-0.0686
22191.86703,VGADGVGKS,-0.10159
27440.65408,VGADGVGKS,-0.10159
15203.85627,VGADGVGKS,-0.10159
12103.40481,VGADGVGKSA,-0.13854
12534.94264,VGADGVGKSA,-0.13854
3420.799267,VGADGVGKSA,-0.13854
7063.466084,VGADGVGKSAL,-0.16526
1111.707405,VGADGVGKSAL,-0.16526
382.7003894,VGADGVGKSAL,-0.16526
30112.19115,VVGADGVG,-0.17854
31899.61124,VVGADGVG,-0.17854
27759.69348,VVGADGVG,-0.17854
12125.21766,VVGADGVGK,-0.18542
20182.21442,VVGADGVGK,-0.18542
5314.167062,VVGADGVGK,-0.18542
22058.54474,VVGADGVGKS,-0.20526
29300.77639,VVGADGVGKS,-0.20526
23499.72692,VVGADGVGKS,-0.20526
12593.30194,VVGADGVGKSA,-0.22469
21261.6924,VVGADGVGKSA,-0.22469
14306.21632,VVGADGVGKSA,-0.22469
25314.65253,VVVGADGV,-0.23422
31937.74931,VVVGADGV,-0.23422
29100.48643,VVVGADGV,-0.23422
21759.20257,VVVGADGVG,-0.23541
27643.45495,VVVGADGVG,-0.23541
22236.74269,VVVGADGVG,-0.23541
7004.441856,VVVGADGVGK,-0.25365
16692.5792,VVVGADGVGK,-0.25365
2296.031958,VVVGADGVGK,-0.25365
17341.70383,VVVGADGVGKS,-0.25708
27681.16779,VVVGADGVGKS,-0.25708
16979.21116,VVVGADGVGKS,-0.25708
31156.16225,YKLVVVGAD,-0.27345
32876.89478,YKLVVVGAD,-0.27345
27821.81085,YKLVVVGAD,-0.27345
32019.47694,YKLVVVGADG,-0.28521
32641.02961,YKLVVVGADG,-0.28521
28471.08879,YKLVVVGADG,-0.28521
28623.53176,YKLVVVGADGV,-0.29169
32150.85047,YKLVVVGADGV,-0.29169
25923.10902,YKLVVVGADGV,-0.29169
